{"armature":[{"ik":[],"aabb":{"width":149.16426110255856,"y":-70,"height":141,"x":-95.66426110255857},"skin":[{"name":"","slot":[{"display":[{"width":86,"type":"mesh","vertices":[-43,-26,43,-26,-43,26,43,26,0.45,-26,0.45,26],"transform":{"y":1.95,"x":-0.3},"triangles":[1,4,3,4,5,3,2,5,4,0,2,4],"path":"嘴巴","uvs":[0,0,1,0,0,1,1,1,0.50523,0,0.50523,1],"height":52,"name":"嘴巴","edges":[1,3,2,0,0,4,4,1,3,5,5,2],"userEdges":[]}],"name":"嘴巴"},{"display":[{"width":13,"type":"mesh","vertices":[-6.5,-6,6.5,-6,-6.5,6,6.5,6,0.1,-6,0.05,6],"transform":{"y":-0.2068,"x":0.4229},"triangles":[1,4,3,4,5,3,0,2,5,0,5,4],"path":"鼻子","uvs":[0,0,1,0,0,1,1,1,0.50769,0,0.50385,1],"height":12,"name":"鼻子","edges":[1,3,2,0,0,4,4,1,3,5,5,2],"userEdges":[]}],"name":"鼻子"},{"display":[{"width":48,"type":"mesh","vertices":[-24,-11.5,24,-11.5,-24,11.5,24,11.5,0.8,-11.5,0.55,11.5],"transform":{"y":-7.4781,"x":-0.3549},"triangles":[1,4,3,4,5,3,0,2,5,0,5,4],"path":"眼睛","uvs":[0,0,1,0,0,1,1,1,0.51667,0,0.51146,1],"height":23,"name":"眼睛","edges":[1,3,2,0,0,4,4,1,3,5,5,2],"userEdges":[]}],"name":"眼睛"},{"display":[{"width":104,"type":"mesh","vertices":[-52,-67,52,-67,-52,67,52,67,1.8,-67,0.45,67,-28.5,67,-27.95,-67,29.4,-67,29.65,67,-52,-1.2,52,0.45,-0.65,-0.65,-52,-33.9,-27.4,-34.2,0.15,-33.65,29.65,0.45,28.55,-33.4,52,-33.65,-52,32.35,-28.25,-0.65,-28.25,33.2,0.2,32.65,29.4,32.65,52,32.9,-40,51.4,-43.5,-49.6,40.15,-53.55,42.4,49.9,-46.95,-30.9,-48.4,-12.6,45.75,-31.4,48.7,39.6,32.95,59.5,-46.2,43.6,-26.7,60.55,-41.15,-38.4,43.5,-39.05,-47.65,-42.15,48.9,-43.9],"transform":{"y":-13.5004,"x":-1.05},"triangles":[17,16,31,23,32,24,28,33,3,33,9,3,32,28,3,24,32,3,39,37,18,37,31,18,27,39,1,8,27,1,39,18,1,23,24,11,16,23,11,18,31,11,31,16,11,27,37,39,23,28,32,37,17,31,27,17,37,23,33,28,8,17,27,15,12,17,4,15,17,17,12,16,12,22,16,16,22,23,4,17,8,23,22,33,22,5,33,5,9,33,21,35,22,21,22,12,20,21,12,14,20,12,22,35,5,14,12,15,7,14,15,7,15,4,35,6,5,10,19,20,20,19,21,34,25,21,21,25,35,25,6,35,36,29,14,30,20,14,29,30,14,7,26,14,26,36,14,30,10,20,0,26,7,19,34,21,25,2,6,26,38,36,34,2,25,38,29,36,13,30,29,38,13,29,0,38,26,19,2,34,0,13,38,13,10,30],"path":"身体","uvs":[0,0,1,0,0,1,1,1,0.51731,0,0.50433,1,0.22596,1,0.23125,0,0.78269,0,0.7851,1,0,0.49104,1,0.50336,0.49375,0.49515,0,0.24701,0.23654,0.24478,0.50144,0.24888,0.7851,0.50336,0.77452,0.25075,1,0.24888,0,0.74142,0.22837,0.49515,0.22837,0.74776,0.50192,0.74366,0.78269,0.74366,1,0.74552,0.11539,0.88358,0.08173,0.12985,0.88606,0.10037,0.90769,0.87239,0.04856,0.2694,0.03462,0.40597,0.9399,0.26567,0.96827,0.79552,0.81683,0.94403,0.05577,0.82537,0.24327,0.95187,0.10433,0.21343,0.91827,0.20858,0.04183,0.18545,0.97019,0.17239],"height":134,"name":"身体","edges":[5,6,6,2,0,7,7,4,4,8,8,1,3,9,9,5,10,13,13,0,1,18,18,11,2,19,19,10,11,24,24,3],"userEdges":[]}],"name":"身体"},{"display":[{"width":118,"type":"mesh","vertices":[-59,-27.5,59,-27.5,-59,27.5,59,27.5],"transform":{"y":1.4845,"x":-3.85},"triangles":[1,0,3,0,2,3],"path":"影子","uvs":[0,0,1,0,0,1,1,1],"height":55,"name":"影子","edges":[0,1,1,3,3,2,2,0],"userEdges":[]}],"name":"影子"},{"display":[{"width":38,"type":"mesh","vertices":[-19,-19.5,19,-19.5,-19,19.5,19,19.5],"transform":{"skY":175.6317,"y":1.1808,"skX":175.6317,"x":27.6729},"triangles":[1,0,3,0,2,3],"path":"武器","uvs":[0,0,1,0,0,1,1,1],"height":39,"name":"武器","edges":[0,1,1,3,3,2,2,0],"userEdges":[]}],"name":"武器"}]}],"type":"Armature","name":"armatureName","animation":[{"bone":[{"frame":[{"duration":13,"transform":{}}],"name":"root"},{"frame":[{"tweenEasing":0,"duration":2,"transform":{}},{"tweenEasing":0,"duration":2,"transform":{},"tweenRotate":2},{"tweenEasing":0,"duration":4,"transform":{"skY":65.4545,"y":-76.8474,"skX":65.4545}},{"tweenEasing":0,"duration":5,"transform":{"skY":196.3636,"y":-64.1027,"skX":196.3636}},{"duration":0,"transform":{}}],"name":"鼻子"},{"frame":[{"tweenEasing":0,"duration":2,"transform":{}},{"tweenEasing":0,"duration":11,"transform":{}},{"duration":0,"transform":{}}],"name":"嘴巴"},{"frame":[{"tweenEasing":0,"duration":2,"transform":{}},{"tweenEasing":0,"duration":11,"transform":{}},{"duration":0,"transform":{}}],"name":"鼻子1"},{"frame":[{"tweenEasing":0,"duration":2,"transform":{}},{"tweenEasing":0,"duration":11,"transform":{}},{"duration":0,"transform":{}}],"name":"眼睛"},{"frame":[{"tweenEasing":0,"duration":2,"transform":{"x":59.2406}},{"tweenEasing":0,"duration":6,"transform":{"x":59.2406}},{"tweenEasing":0,"duration":5,"transform":{"x":59.2406}},{"duration":0,"transform":{"x":59.2406}}],"name":"bone"},{"frame":[{"tweenEasing":0,"duration":2,"transform":{}},{"tweenEasing":0,"duration":5,"transform":{}},{"tweenEasing":0,"duration":3,"transform":{"scX":1.1,"scY":1.1}},{"tweenEasing":0,"duration":3,"transform":{"scX":1.1,"scY":1.1}},{"duration":0,"transform":{}}],"name":"嘴巴1"}],"ffd":[{"frame":[{"tweenEasing":0,"offset":0,"duration":2,"vertices":[]},{"tweenEasing":0,"offset":0,"duration":2,"vertices":[]},{"tweenEasing":0,"offset":0,"duration":4,"vertices":[]},{"tweenEasing":0,"offset":0,"duration":5,"vertices":[]},{"tweenEasing":null,"offset":0,"duration":0,"vertices":[]}],"skin":"","scale":1,"slot":"身体","offset":0,"name":"身体"}],"duration":13,"playTimes":0,"ik":[],"frame":[],"slot":[],"name":"moveRight"},{"bone":[{"frame":[{"duration":10,"transform":{}}],"name":"root"},{"frame":[{"tweenEasing":0,"duration":4,"transform":{}},{"tweenEasing":0,"duration":6,"transform":{}},{"duration":0,"transform":{}}],"name":"鼻子"},{"frame":[{"tweenEasing":0,"duration":2,"transform":{}},{"tweenEasing":0,"duration":2,"transform":{"x":-8.5973}},{"tweenEasing":0,"duration":6,"transform":{"x":8.3159}},{"duration":0,"transform":{}}],"name":"嘴巴"},{"frame":[{"tweenEasing":0,"duration":2,"transform":{}},{"tweenEasing":0,"duration":2,"transform":{"x":-11.0656}},{"tweenEasing":0,"duration":6,"transform":{"x":10.4365}},{"duration":0,"transform":{}}],"name":"鼻子1"},{"frame":[{"tweenEasing":0,"duration":2,"transform":{}},{"tweenEasing":0,"duration":2,"transform":{"x":-10.6532}},{"tweenEasing":0,"duration":6,"transform":{"x":8.3159}},{"duration":0,"transform":{}}],"name":"眼睛"},{"frame":[{"tweenEasing":0,"duration":2,"transform":{"skY":77.1481,"skX":77.1481}},{"tweenEasing":0,"duration":1,"transform":{"skY":126.852,"skX":126.852}},{"tweenEasing":0,"duration":1,"transform":{"skY":360.018,"skX":360.018}},{"tweenEasing":0,"duration":1,"transform":{"skY":283.3265,"skX":283.3265}},{"tweenEasing":0,"duration":1,"transform":{"skY":261.7898,"skX":261.7898}},{"tweenEasing":0,"duration":4,"transform":{"skY":0.786,"skX":0.786}},{"duration":0,"transform":{"skY":77.1481,"skX":77.1481}}],"name":"bone"},{"frame":[{"tweenEasing":0,"duration":4,"transform":{}},{"tweenEasing":0,"duration":6,"transform":{}},{"duration":0,"transform":{}}],"name":"嘴巴1"}],"ffd":[{"frame":[{"tweenEasing":0,"offset":0,"duration":2,"vertices":[]},{"tweenEasing":0,"offset":24,"duration":2,"vertices":[-7.45,0,0,0,-3.85,0,-7.45,0,-3.85,0,-3.85,0,0,0,0,0,-3.85,0,-3.85,0,-7.45,0,-3.85,0,0,0,0,0,0,0,0,0,0,0,0,0,0,0,0,0,0,0,0,0,0,0,0,0]},{"tweenEasing":0,"offset":24,"duration":6,"vertices":[8.75,0,0,0,8.75,0,8.75,0,7.45,0,7.45,0,0,0,0,0,8.75,0,8.75,0,8.75,0,7.45,0,0,0,0,0,0,0,0,0,0,0,0,0,0,0,0.85,0,0,0,0,0,0,0,0,0]},{"tweenEasing":null,"offset":0,"duration":0,"vertices":[]}],"skin":"","scale":1,"slot":"身体","offset":0,"name":"身体"},{"frame":[{"tweenEasing":0,"offset":0,"duration":2,"vertices":[]},{"tweenEasing":0,"offset":1,"duration":2,"vertices":[-3,0,0,0,-3,0,0,-4.85,0,-4.85,0]},{"tweenEasing":0,"offset":2,"duration":6,"vertices":[-2.5,-2,0,0,-2.5,-2,3.4,0,3.4,0]},{"tweenEasing":null,"offset":0,"duration":0,"vertices":[]}],"skin":"","scale":1,"slot":"嘴巴","offset":0,"name":"嘴巴"},{"frame":[{"tweenEasing":0,"offset":0,"duration":2,"vertices":[]},{"tweenEasing":0,"offset":8,"duration":2,"vertices":[-1.42,0,-1.42,0]},{"tweenEasing":0,"offset":8,"duration":6,"vertices":[2.25,0,2.25,0]},{"tweenEasing":null,"offset":0,"duration":0,"vertices":[]}],"skin":"","scale":1,"slot":"眼睛","offset":0,"name":"眼睛"}],"duration":10,